,기업,기사발행일,기사제목,뉴스기사본문
603,아가방앤컴퍼니,2011.12.22. 오후 6:31,참마루·MDF사업 '매출 투톱'…토털 인테리어는 미래 먹거리,"Cover Stroy - 한솔홈데코 브랜드별 전략

한솔참마루, 토종 소나무로 제작…스토리 월, 20가지 패턴 벽 마감재

참도어, 고급스런 디자인 돋보여…MDF보드, 친환경 재활용 제품

한솔홈데코의 브랜드에는 한솔참마루, 한솔참도어, 한솔참몰딩 등 접두사 ‘참’이 들어 있는 게 많다. ‘참’은 한국어로는 ‘진실하고 올바른’을, 영어로는 ‘매력’(charm)을 뜻한다. ‘최고의 품질로 고객을 지향한다’는 회사의 경영철학을 제품과 서비스에 반영한 결과다. 각각의 브랜드는 차별화된 제품 및 마케팅 전략을 통해 한솔홈데코를 떠받치고 있다.

◆한솔참마루, 고품질 친환경 목질 바닥재

한솔참마루는 고급 재질의 국산 소재를 고집한다. 이 회사의 바닥재는 우리나라에서 자란 리기다 소나무로 만든 친환경 소재(HDF)로만 제작한다. 토종 소나무는 섬유조직이 길고 견고해 마루의 강도를 강하게 하는 데다 수분 및 열에 의한 치수 변화가 적어 온돌난방이 필요한 한국 주거문화에 최적화돼 있다는 설명이다. 이런 덕분에 국내 최초로 친환경 마루 ‘E0’(0.5㎎/ℓ이하) 등급을 획득했고 환경마크, 친환경 건축자재 최우수 등급도 받았다.

한솔이 토종 소나무를 고집하는 건 중국산 저가 마루가 밀려들어오고 있는 상황과 차별화되는 대목이다. 회사 관계자는 “중국산 마루는 국내 강화마루에 비해 20% 정도 가격이 저렴해 원가절감에는 좋을 수 있지만, 환경에 민감한 아이들이 생활하는 일반 주거공간에 사용하기에 적합하지 않다”며 “사후관리도 제대로 되지 않아 소비자 피해가 크다”고 지적했다. 업계에 따르면 중국산 저가 마루의 국내 수입량은 2005년 40만평에서 올해 말 200만평으로 늘어날 전망이다. 국내 강화마루 시장(400만평)의 절반 수준이다.

◆벽 마감재 ‘스토리 월’, 원하는 대로 스타일링

나무 벽면재 ‘스토리 월’(Story-wall)은 강화마루의 주원료인 친환경 목자재(HDF)를 벽 마감재로 사용한다. HDF 위에 각종 문양을 입혀 대리석, 스톤, 우드, 콘크리트, 스틸 등 다양한 질감을 사실감 있게 표현해준다.

E0 등급의 한솔 친환경 보드를 사용하는 스토리 월은 일반 주택과 아파트는 물론 학교, 레스토랑, 갤러리 등 상업적인 공간에서도 소비자가 원하는 스타일대로 디자인하거나 패턴을 조합할 수 있는 게 특징이다. 총 20여가지의 다양한 패턴과 두 가지 규격으로 구성돼 있고 대리석이나 원목에 비해 경제적이기 때문이다. 접착제를 사용하지 않는 결합 방식으로 광촉매 및 은나노를 첨가한 살균항균 기능이 있어 새집증후군과 아토피 발생을 최소화할 수 있다는 게 회사 측 설명이다.

또 내충격성과 내긁힘성 등이 뛰어나고 곰팡이가 발생하지 않아 강화마루처럼 반영구적으로 사용할 수 있다. 특히 한국소방검정공사가 인증한 방염자재를 사용해 화재 발생 초기에 불이 확산되는 것도 지연시켜 준다고 회사 측은 설명했다.

◆고급스러움 강조한 한솔참도어

프리미엄 홈도어 브랜드 ‘한솔참도어’는 일반 도어에 다양한 디자인과 소재를 적용, 실내 인테리어에 포인트를 줄 수 있는 고급 인테리어 아이템이다. 편안하고 세련되면서도 무난한 디자인을 기반으로 해 절제미를 살리고 고급스러움을 강조한 게 특징이다. 국내에서 처음 선보인 ‘구루빙 도어’는 습기에 강한 ABS 도어와 다양한 디자인을 연출할 수 있는 멤브레인 도어의 특징을 동시에 살려 소비자의 선택 폭을 넓혀줬다는 평가를 받고 있다.

◆한솔MDF, 폐목재 재활용 제품

한솔홈데코의 수익 창출원인 중밀도 섬유판(MDF)은 건설산업현장에서 발생하는 재생칩과 제재목을 생산하는 과정에서 발생하는 부산물인 폐목재가 원료인 친환경 재활용 제품이다. 수거된 폐목재를 파쇄한 뒤 여러 공정을 거쳐 MDF 보드를 만들고 있다.

이를 통해 원목 수입 대체 효과(연간 77억8000만원), 폐목재 소각처리 비용(연간 21억6000만원) 절감은 물론 폐목재 매립에 따른 환경 오염방지, 원목 구입 비용 절감 및 안정적인 수급 등의 부가가치를 창출하고 있다. 한솔MDF는 ISO9001, ISO14001, KS마크를 획득하는 등 품질을 인정받고 있다.

◆SD, 토털 인테리어 설계 및 시공

SD(Space Design) 사업은 미래 성장 동력이다. 인테리어 수주 영업을 포함해 기획, 설계, 시공, 감리, 컨설팅 등 인테리어 디자인 및 리모델링 전 과정에 걸쳐 서비스를 제공하는 인테리어 토털 솔루션이다. 고객별 맞춤형 서비스 및 고객과의 완벽한 커뮤니케이션이 특징이다. 시공 후 사후 안전관리도 철저하다는 평가를 받고 있다. 뚜레쥬르, 콜드스톤, 크라제버거, 압구정 볶는 커피, 아가방앤컴퍼니 등 젊은층에 인기가 좋은 외식 및 패션 업체들을 중심으로 서비스를 제공하고 있다. 올해 약 100억원의 매출을 예상하고 있고, 2015년 200억원, 2020년 1000억원의 매출을 달성한다는 목표다.

고명호 한솔홈데코 대표는 “대부분의 외식, 패션매장이 단순히 브랜드별 매뉴얼에 따른 인테리어 설계에 그친 데 비해 한솔홈데코는 각 매장의 특성을 살려 공간활용을 최대화하면서 고객 특성을 고려해 쾌적한 분위기와 심미성을 동시에 만족시키는 디자인을 제공한다”며 “가격경쟁력을 바탕으로 고객에게 최적화한 토털 인테리어 솔루션을 공급하고 있다”고 강조했다.

김병근 기자 bk11@hankyung.com

▶ 비즈니스 교육·연수 단신

▶ 뮤지컬 프로듀서 설도윤의 성공전략…""즐기며 갈구하라…그 끝엔 성공이 있다""

▶ ""지금까지 들인 돈이 얼만데…"" 매몰비용의 함정을 피하라

▶ 나이키 신발과 아이팟 합친 '나이키 플러스'…재미를 융합하라

▶ 사랑 찾아 훨훨 날던 두마리의 나비, 3.8㎝ 다이얼에 내려앉다

<성공을 부르는 습관>

ⓒ 한국경제신문, 무단 전재 및 재배포 금지

<한국온라인신문협회의 디지털뉴스이용규칙에 따른 저작권을 행사합니다>"
1094,네패스,2011.10.16. 오전 8:06,"<생생코스닥>“네패스, 본격 성장 국면 진입”-한화證","한화증권은 10월 셋째주 코스닥 추천종목으로 네패스(033640)를 꼽았다.

안성호 한화증권 연구원은 네패스에 대해 “삼성전자 시스템LSI(대규모 직접회로) 생산확대로 웨이퍼레벨패키징(WLP)이 본격성장 국면에 진입했다”며 추천했다.

안 연구원은 “Driver IC 골드범핑 실적부진의 주요 원인이었던 Sony의 매출비중이 연초 20%에서 5%수준까지 하락, 현 시점에서는 LCD업황 부진에 따른 추가적인 실적악화 우려보다는 WLP 신규사업의 본격적인 성장세 진입에 초점을 맞추는 것이 바람직하다”고 설명했다.

그는 또 “네패스의 주력 고객인 삼성전자의 2012년 시스템반도체 생산확대가 예상되어 WLP부문에서 추가적인 실적개선 모멘텀 발생 가능성도 있다”고 덧붙였다.

<최재원 기자 @himiso4>
jwchoi@heraldm.com


▶ 실적은 덕산하이메탈 미래가치는 셀트리온
▶ “하반기 내수비중 높은 중소형株 빛난다”
▶ 대형株 부담된다면…유망 중소형株 담아볼까
▶ 바닥 다진 5월 증시 이제는…
▶ 국민연금 지분 5% 이상인 기업
▶ 영문 속보·살아있는 e스터디…당신의 손끝에서 만난다
▶ '양용은' 골프 스윙기 하루 1억 판매

- 헤럴드 생생뉴스 Copyrights ⓒ 헤럴드경제 & heraldbiz.com, 무단 전재 및 재배포 금지 -"
2419,오리엔탈정공,2012.08.16. 오전 7:56,장 마감 후 주요종목 뉴스 - 14일,"[머니투데이 황국상 기자]- 15일 한국거래소에 따르면 코스피시장에 상장된 배명금속은 기한 내 반기보고서를 제출하지 않아 관리종목으로 새로 지정됐다.
코스닥시장에선 어울림엘시스, 어울림정보, 어울림 네트 등 3곳이 반기보고서를 제때 내지 않았다. 이들은 지난해 말 기준 자본잠식률이 50%를 웃돌아 증시 퇴출의 형식적 요건에 해당한다.
또한 지앤에스티는 반기보고서를 제출했으나 회계법인의 검토의견을 담은 감사보고서를 제출하지 않았다. 이들 4개사는 오는 24일까지 반기보고서 등을 제출하지 않는 경우 상장폐지 절차가 진행된다.
아울러 오리엔탈정공은 자본잠식률이 50%를 웃돈 데다 자기자본이 10억원에 미달해 관리종목으로 지정됐다.
거래소 코스닥시장본부는 오리엔탈정공이 상장폐지 실질심사 대상 여부를 검토한다는 방침이다. 오리엔탈정공을 비롯해 유비컴(자본잠식 50% 이상) 에듀언스(반기검토의견 부적정) 등 3개 종목은 이번 반기에 새로 관리종목으로 지정됐다.
-유비컴은 14일 올 상반기 말 기준 자본금 149억원에 자기자본 17억원을 기록, 자본잠식률이 88.57%에 달했다고 공시했다.
-무한투자는 올 상반기 말을 기준으로 자기자본 13.7억원에 자본금 50.5억원을 기록, 자본잠식률이 72.81%에 이른다고 14일 공시했다.
-유아이에너지는 14일 다산회계법인으로부터 반기 재무제표에 대한 의견거절 평가를 받았다고 공시했다. 유아이에너지에 따르면 다산회계법인은 이라크 지방 자치정부와 체결한 이동식 발전설비 공급계약 관련 회계기록 등을 확인하지 못했다. 다산회계법인은 또 이라크 등지의 공사계약 수주관련 자산의 회수가능성 등 이유로 회사 존속능력에 의문을 제기했다.
-씨유메디칼은 14일 반기보고서를 통해 상반기 영업이익이 20억원으로 전년 동기 대비 18.95% 감소하고 당기순이익이 19.6억원으로 같은 기간 11.3% 감소했다고 공시했다. 매출은 101억원으로 7.45% 증가했다.
-피에스엠씨는 올 상반기 재무제표에 대해 삼일회계법인으로부터 '한정' 평가를 받았다고 14일 공시했다. 피에스엠씨는 ""삼일회계법인이 당사의 반기보고서 검토 중 차입금의 담보로 제공된 자기주식과 관련해 실물보관여부에 대한 조회서를 발송했다""며 ""하지만 조회서를 회신받지 못해 한정의견을 제시했다""고 설명했다.
-한국거래소는 엔케이바이오에 대해 최근 반기매출 7억원 미만, 횡령·배임발생 등 최근 공시사항이 상장폐지 실질심사 대상에 해당한다고 14일 공시했다. 거래소는 이날 공시를 통해 확인된 주된 영업의 정지 및 횡령·배임사실이 미치는 영향을 반영해 상장적격성을 심의할 것이라고 밝혔다.
-삼환기업은 14일 삼정회계법인으로부터 의견거절 평가를 받았다고 공시했다. 남광토건은 14일 한영회계법인으로부터 역시 의견거절 평가를 받았다고 밝혔다. 벽산건설은 14일 삼일회계법인으로부터 감사의견 '거절' 평가를 받았다고 공시했다.
-호남석유는 존속법인 호남석유가 소멸법인 케이피케미칼을 1대 0.0510252 비율로 흡수합병키로 했다고 14일 공시했다.
-엔터기술은 14일 올 상반기 연결재무제표에 대한 안진회계법인의 감사의견이 '거절'로 내려졌다고 공시했다.
-큐리어스는 14일 올 상반기 말을 기준으로 자본금 133억원에 자기자본 -39억원을 기록, 자본잠식률이 129.13%에 달했다고 공시했다.
-에듀언스는 14일 참회계법인으로부터 의견거절 평가를 받았다고 공시했다. 한국거래소는 에듀언스에 관리종목 지정사유가 발생했다고 이날 공시했다.
-지아이바이오는 14일 올 상반기 말을 기준으로 자본금 353억원에 자기자본 148억원 등으로 자본잠식률이 58.63%에 달했다고 공시했다.
-터보테크는 14일 시설자금 조달을 위해 9억9989만원 규모의 소액 일반공모 방식의 유상증자를 실시키로 했다고 공시했다. 신주 발행가는 592원이다.
-네오퍼플은 29일 오전 서울 양재동 AT센터에서 주주총회를 열고 의약품 제조, 수입, 판매공급업 및 병원경영 컨설팅업 등을 사업목적에 추가하는 등 내용의 정관변경안을 안건으로 상정할 것이라고 14일 공시했다.
-NH-IBK 제1호 사모투자는 지난 8~10일간 웰크론한텍 지분 18.74% 전량을 장내매도했다고 14일 공시했다.
-엔케이바이오는 14일 삼덕회계법인으로부터 감사의견 '거절' 평가를 받았다고 공시했다. 엔케이바이오의 자본잠식률은 58.78%에 이른다.
-LG는 14일 올 2분기 영업이익이 3520억9400만원으로 전년 동기 대비 12.9% 감소했다고 잠정 공시했다. 당기순이익도 전년 동기 대비 23.1% 감소한 2837억6900만원을 기록했다. 매출액은 2조5650억원으로 전년 동기 대비 3.4% 줄었다.
-한진해운홀딩스는 14일 2분기 영업이익이 57억7100만원으로 전년 동기 대비 흑자전환했다고 공시했다. 당기순이익도 36억6600만원으로 전년 동기 흑자전환했다. 매출액은 104억3100만원으로 전년 동기 대비 13.32% 늘어났다.
-대한전선은 14일 2분기 영업이익이 85억6700만원으로 전년 동기 대비 20.32% 감소했다고 공시했다. 매출액도 5267억600만원으로 전년 동기 대비 21.54% 감소했다.
-이마트는 지난달 영업이익이 814억700만원으로 전년 동기 대비 13.9% 줄었다고 잠정 공시했다. 매출액도 9280억700만원으로 전년 동기 대비 2.4% 감소했다.
-신세계는 14일 지난달 영업이익이 108억6000만원으로 전년 동기 대비 11.2% 줄었다고 잠정 공시했다. 매출액은 1170억6800만원으로 전년 동기 대비 10.6% 늘었다.

[머니투데이 핫뉴스]
☞ 강남 '정용진 마켓' 가보니, 달걀 한알에…
☞ [단독]日 파친코 황제, 영종도 미분양 200채 통매입
☞ '대전 주부살인' 8년만에 범인 검거, 어떻게?
☞ 공효진 이별 첫 심경고백 ""헤어지잔 말을…""
☞ MB ""일왕, 사과해라"" 맹공에 日 발끈해서..

황국상기자 gshwang@
<저작권자 ⓒ '돈이 보이는 리얼타임 뉴스' 머니투데이, 무단전재 및 재배포 금지>"
3453,아바텍,2012.08.21. 오후 4:50,"LGD 출자사 아바텍, 23일 코스닥 상장적격성 '판가름'","- 히든챔피언 1호-엔바이오컨스 합병 상장예비심사

[이데일리 하지나 기자] LG디스플레이(034220) 출자사 아바텍의 상장 적격성 여부가 이번주 판가름날 예정이다.

21일 투자은행(IB) 업계에 따르면 오는 23일 한국거래소는 코스닥 상장위원회를 열어 아바텍의 신규 상장 및 히든챔피언 1호의 합병 상장심사를 진행할 예정이다.

2000년 9월 설립된 아바텍은 디스플레이용 진공박막코팅 생산업체다. 지난해 매출액 443억원, 순이익 64억원을 달성했다. 심사청구 당시 제시한 주당 예정발행가는 5000~5600원으로 총 모집금액은 147억~165억원에 달한다.

위재곤 대표이사가 최대주주이며 아바텍 지분 22%를 보유하고 있다. 이밖에 전략적 파트너인 LG디스플레이가 20.3%의 지분을 들고 있다. 대표주관사는 한국투자증권이 맡고 있다.

히든챔피언 1호는 엔바이오컨스와 흡수합병을 추진 중이다. 이번 합병상장 예비심사는 지난해 12월 신한스팩1호와 서진오토모티브 합병예심 이후 8개월만이다.

엔바이오컨스는 하수슬러지 건조연료화 사업 및 광해방지사업 등의 환경설비사업을 주로 하고 있다. 대표주관사는 삼성증권과 메리치증권이 맡고 있다.





하지나 (hjina@edaily.co.kr)
[관련기사]
▶ ☞'이제는 애플 모멘텀'..수혜주에 주목
▶ ☞LGD, 아이폰5 인셀터치 최대 공급..'매수'-현대"
3455,아바텍,2012.08.24. 오전 11:14,아바텍 등 2개사 코스닥 상장예비심사 통과,"- 히든챔피언제1호스팩-엔바이오컨스 합병상장예심 승인

[이데일리 하지나 기자] LG디스플레이(034220) 출자사 아바텍이 상장예비심사를 통과했다.

24일 한국거래소는 지난 23일 열린 코스닥시장상장위원회 심의 결과 아바텍이 상장 적격 판정을 받았다고 밝혔다. 이날 함께 심사를 진행한 히든챔피언제1호 스팩도 엔바이컨스와의 합병상장예비심사를 통과했다.

아바텍은 디스플레이용 진공박막코팅 생산업체로 지난 상반기 매출액 324억원, 순이익 60억원을 달성했다. 희망공모가(밴드)는 5100~5800원으로 총모집금액은 150억~171억원이다. 위재곤 대표이사(22.1%)를 포함한 특수관계인들이 41.3%의 지분을 보유하고 있으며, LG디스플레이도 전략적 투자자로 20.3%를 들고 있다. 한국투자증권이 대표주관사이다.

히든챔피언제1호 스팩은 하수슬러지 건조화시설 설비업체인 엔바이오컨스와의 합병을 추진 중이다. 엔바이오컨스의 상반기 매출액은 239억원, 순이익은 41억원을 기록했다. 삼성증권과 메리츠종금이 대표주관을 맡고 있다.





하지나 (hjina@edaily.co.kr)
[관련기사]
▶ ☞LG디스플레이의 '뚝심'..""올해 안에 꼭 OLED TV 낸다""
▶ ☞LGD 출자사 아바텍, 23일 코스닥 상장적격성 '판가름'
▶ ☞'이제는 애플 모멘텀'..수혜주에 주목"
3585,하나마이크론,2012.06.28. 오전 7:09,[눈에띄는 주요공시] 6월 27일,"다음은 27일 장 마감 이후 나온 주요 공시다.

◆ 유가증권시장

마니커(027740)는 211억원의 운영자금을 마련하기 위해 보통주 2500만주를 유상증자(주주배정증자)하기로 결정했다고 27일 공시. 신주 예정발행가는 844원.

대한항공(003490)은 조원태 대한항공 경영전략 본부장과 조현아 기내식기판 사업본부장, 조현민 대한항공 광고담당 상무가 두 차례 대한항공 주식을 장내 매수해 최대주주 지분이 25.25%에서 25.27%로 늘어났다고 27일 공시.

대우건설(047040)은 우투신영하우징제1호 기업구조조정부동산투자회사가 계열회사에서 제외됐다고 27일 공시.

동부건설(005960)은 동부익스프레스 지분매각 추진보도 조회공시에 대해 ""동부익스프레스 지분 일부를 매각하는 것에 대해 검토 중이나, 현재까지 확정된 사항은 없다""고 27일 답변.

한국금융지주(071050)는 유상증자 참여를 위해 한국투자파트너스의 주식 3000만주(750억원)를 현금 취득하기로 결정했다고 27일 공시.

한국항공우주(047810)는 생산 장비 구매와 공장 설립을 위해 972억원을 투자한다고 27일 공시.

지역난방공사(071320)는 열병합 발전 설비 용량을 증설하기 위해 1조3533억원을 투자하기로 결정했다고 27일 공시.

◆ 코스닥시장

옴니시스템(057540)은 재무 구조를 개선하기 위해 진천공장(카드사업 부문)의 토지, 건물, 기계장치 등과 해당사업 부문의 영업권, 지적재산권, 계약상 지위, 각종 인·허가권 등을 유비벨록스에게 130억원에 양도하는 계약을 체결했다고 27일 공시.

하나마이크론(067310)은 78만3453주에 대한 신주인수권을 행사한다고 27일 공시. 신주인수권 행사금액은 25억원, 행사가액은 3191원.

영진인프라(053330)는 최근 현저한 주가 변동과 관련해 ""지난 3월 27일 조회공시 답변을 통해 영업부분에서 수처리 사업과 관련된 계약 건을 협의 중에 있다고 공시했으나 현재까지 확정된 사항은 없다""고 27일 답변.

디웍스글로벌(071530)은 타법인 증권 취득자금 30억8000만원을 마련하기 위해 신주인수권부사채권을 발행하기로 결정했다고 27일 공시.

한국거래소 코스닥시장본부는 ""증권선물위원회가 신텍(099660)의 2008사업연도부터 2010사업연도까지의 재무제표를 감리한 결과 매출액 과대계상, 증권신고서 거짓기재사유 혐의가 적발됐다”고 밝힘. 증선위는 신텍에 대해 과징금 5억원을 부과하고 감사인을 3년 동안 지정하는 한편 대표이사와 담당임원의 해임을 권고. 더불어 재경팀장을 검찰에 고발하고, 대표이사 및 담당임원을 검찰에 통보 조치. 거래소 측은 “향후 있을 상장위원회에서 이번 사실이 미치는 영향을 반영해 신텍의 상장 적격성을 심의할 예정”이라고 말함.

한국거래소 코스닥시장본부는 디지털오션(051160)에 전 대표이사의 횡령·배임설의 사실여부와 구체적인 내용에 대한 조회공시를 요구.

씨씨에스(066790)는 베트남 VTC와 합작해 셋탑박스 제조ㆍ판매를 위한 조인트벤처 회사를 설립하기로 결정했지만 계약 내용에 포함되지 않은 사항에 대한 VTC측의 요구가 있었고, 이에 대한 합의가 이뤄지지 않아 VTC와의 합작사 투자 건을 철회하게 됐다고 27일 공시.

우원개발(046940)은 태영건설과 193억9300만원 규모의 지방도403호선~고성 간 도로 확·포장공사 계약을 체결했다고 27일 공시.

에이앤씨바이오홀딩스(039670)는 21만1565주에 대한 신주인수권을 행사한다고 27일 공시. 행사금액은 1억5000만원, 신주인수권 행사가액은 709원.

스카이뉴팜(058820)은 차바이오앤디오스텍 등으로의 최대주주 지분 매각설 관련 조회공시에 대해 ""현재까지 바이오업체 등과 지분 증권 발행과 제3자 배정 유상증자 등을 통한 경영권 양도를 추진 중""이라고 답변.

한국거래소 코스닥시장본부는 코스닥시장 상장위원회에서 엔스퍼트(098400)의 상장폐지가 타당한 것으로 심의됐다고 27일 공시.

유아이디(069330)는 올해 750억원의 매출액과 130억원의 영업이익을 기록할 것으로 27일 전망.

아이디에스(078780)는 20만4248주에 대한 신주인수권을 행사한다고 27일 공시. 행사금액은 5억원이며, 신주인수권 행사가액은 2448원.

한국거래소 코스닥시장본부는 디지털오션(051160)에 횡령ㆍ배임 혐의가 발생했다고 27일 공시. 거래소는 강문석 디지털오션 전 대표이사에게 113억3000만원 규모의 횡령ㆍ배임 혐의가 있다고 밝힘. 거래소는 디지털오션이 상장폐지 실질심사 대상에 해당하는지 여부를 심사하고, 향후 실질심사 대상 여부에 관한 결정이 있을 때까지 매매 거래를 정지한다고 밝힘.

[이진혁 기자 kinoeye@chosun.com]

조선비즈 핫 뉴스 Best
ㆍ""아파트 입주 전 날벼락"" 화약고 터지나
ㆍ전업주부보다 불행한 워킹맘들, 이혼 묻자
ㆍ형님 삼성전자보다 나은 아우들 '수익률 대박'
ㆍ""지붕에 물 뿌리자…"" 엄청난 위력에 화들짝
ㆍ日 라이벌 기업 손잡게 만든 '한국의 위엄'


chosunbiz.com"
4067,금화피에스시,2013.05.20. 오전 8:36,장 마감 후 주요종목 공시 -16일,"[머니투데이 박경담 기자]◇케이디미디어, 최대주주 티아이지홀딩스로 변경
케이디미디어는 최대주주가 신호인 외 1인에서 티아이지홀딩스 외 1인으로 변경됐다고 16일 공시했다. 사측은 “주식 양수도계약에 의한 풋옵션 행사에 따라 최대주주가 변경됐다”며 “경영참여를 위한 것”이라고 밝혔다.

◇현대산업개발, 667억원 규모 채무보증 결정
현대산업개발은 해운대 IPARK 수분양자에 대해 667억원 규모의 채무보증을 결정했다고 16일 공시했다. 이는 자기자본의 2.7%에 해당한다.

◇유비프리시젼, “중국 LCD검사장비 납품 입찰 참여”
유비프리시젼은 16일 최근의 현저한 주가급등 관련 조회공시에 대한 답변을 통해 “중국에 LCD검사장비 낲품을 위한 입찰에 참여하여 현재 진행 중”이라며 “재무구조 개선을 위해 잠재적 투자자와 구체적 조건을 협의 중”이라고 공시했다.

◇현대상선, 200억원 규모 MMW 매수
현대상선은 16일 현대증권으로부터 안정적 자금운용 및 수익성 제고를 위해 200억원 규모의 MMW(Money Market Wrap)를 매수했다고 공시했다.

◇KJ프리텍, 日미네베아 주요주주 추가
KJ프리텍은 일본 기업인 미네베아가 제3자 배정 유상증자를 통해 주요주주로 추가됐다며 16일 공시했다. 미네베아는 케이제이프리텍의 지분 154만여주(10%)를 갖게 됐다.

◇하나금융지주, “하나SK카드·한국외환은행 카드 시너지 방안 검토”
하나금융지주는 16일 '자회사 하나SK카드와 한국외환은행 카드본부와의 합병설'에 대한 조회공시 답변을 통해 “한국외환은행 카드부문과 하나SK카드의 추가적인 시너지 창출방안을 검토 중”이라며 “아직까지 구체적으로 결정된 사항은 없다”라고 공시했다.

◇웨이브일렉트로닉스, 영업손 21억원..적자폭 확대
웨이브일렉트로닉스은 16일 영업손실은 21억원으로 적자폭이 318%확대됐다고 공시했다. 매출액은 33억원으로 25%감소했고, 당기순손실은 18억원으로 적자전환했다.
◇이스트소프트, 영업익 3.1억원..흑자전환
이스트소프트는 16일 영업이익이 3억11600만원으로 전년동기대비 흑자전환했다고 공시했다. 매출액은 96억8800만원으로 21.6% 증가했고 당기손이익은 5억7000만원으로 흑자전환했다.

◇금화피에스시, 118억원 규모 발전소 정비공사 공급계약
금화피에스시는 16일 한국남동발전과 118억원 규모의 발전소 기전설비 경상정비공사 계약을 체결했다고 공시했다. 계약금액은 매출액 대비 10.9%고 계약기간은 오는 12월 31일까지다.

◇지에스이, 60억원 규모 채무보증 결정
지에스이는 최대주주인 지에스이홀딩스에 대해 60억원 규모의 채무보증을 결정했다고 공시했다. 이는 자기자본의 16.81%에 달하는 규모다.

◇벽산건설, “경상정상화 위해 M&A추진 중”
벽산건설은 16일 현저한 시황변동 관련 조회공시에 대한 답변을 통해 “한영회계법인을 매각 주간사로 선정했다”며 “1개월 이내에 채권자 출자전환과 기업 매각(M&A) 공고가 예정돼 있다”고 공시했다.

◇HMC투자증권, 1주당 150원 현금 배당 결정
HMC투자증권은 16일 보통주 1주당 150원을 현금배당키로 결정했다고 공시했다.

◇현대백화점, “송도 아울렛 추진 중”
현대백화점은 ‘송도 아울렛 등 건립 추진 보도’에 대한 조회공시 답변을 통해 “현대송도개발의 사업부지에 아울렛 출점을 추진 중”이라며 “구체적인 투자 금액과 시기는 결정되지 않았다”고 16일 공시했다.

◇이트레이드증권, 50억 규모 자사주 신탁계약 해지
이트레이드증권은 신탁계약기간 만료에 따라 한국외환은행과 맺은 50억 규모의 자사주 신탁계약 해지를 결정했다고 공시했다.

◇멜파스, 1Q 영업손실 32억원
멜파스는 16일 지난 1분기 영업손실이 32억5700만원이라고 공시했다. 매출액은 1595억4800만원, 당기순손실은 38억3100만원으로 잡정 집계됐다.

◇손오공, 163억원 규모 부동산 처분 결정
손오공은 16일 자산매각을 통한 차입금 상환 및 재무건전성 확보을 위해 종속회사인 손오공아이비에게 경기도 부천시에 위치한 163억원 규모의 공장 토지 및 건물을 처분키로 결정했다고 공시했다.

또 손오공아이비에 대해 140억원 규모의 채무보증을 결정했다고 밝혔다. 이는 자기 자본의 43.29%에 달하는 규모다.

◇두산, 500억원 규모 자사주 신탁계약 해지
두산은 신탁계약기간 만료에 따라 산업은행, 우리은행, 하나은행과 맺은 500억원 규모의 자사주 신탁계약 해지를 결정했다고 16일 공시했다.

◇경원산업, “3G 스마트폰 단일공급 협상 중”
경원산업은 최근의 현저한 주가급등 관련 조회공시에 대한 답변을 통해 “신규추진 중인 3G스마트폰을 단일공급하기 위해 계속 협상 중”이라며 “현재까지 확정된 바는 없다”고 16일 공시했다.

◇포스텍, STX 지분율 12.69%로 낮춰
STX는 포스텍이 보유주식 300만주를 장내 매도했다고 16일 공시했다. 포스텍의 지분율은 기존 17.65%에서 4.96% 감소한 12.69%이다.

회사측은 “주식담보 대출금의 주식담보가치 하락에 따라 보유주식 매도를 통해 대출금을 상환하기 위해 지분 매각했다”고 말했다.

◇STX조선해양, ""대련시정부 협조로 자본유치 추진 중“
STX조선해양은 ‘STX다롄조선의 유상증자 추진 보도“에 대한 조회공시 답변을 통해 ”STX조선유한공사는 대련시정부의 협조로 자본유치를 추진 중“이라며 ”현재 확정된 사항은 없다“고 16일 공시했다.

◇한국가스공사, 민영우 대표이사 체제로 변경
한국가스공사는 16일 주강수 대표이사체제에서 민영우 대표이사체제로 변경한다고 공시했다. 민영우 새 대표이사는 현재 관리부사장으로 신임대표이사 선임시까지 사장 직무 대행을 맡는다.

◇신진에스엠, 1Q 영업익 13.7억원..전년비 28.2%감소
신진에스엠은 16일 지난 1분기 영업이익이 전년동기대비 13억7500만원으로 28.2%감소했다고 공시했다. 매출액은 91억5600만원으로 6.3%, 당기순이익은 14억6100만원으로 27.1% 줄었다.

◇모린스, 불성실공시법인 지정예고
한국거래소 코스닥시장본부는 16일 모린스에 대해 자기주식 처분결정 취소를 통해 공시번복을 했다며 불성실공시법인지정을 예고했다.

◇태평양, 100억원 규모 채무보증 결정
태평양은 16일 자회사인 대우팬퍼시픽에 대해 100억원 규모의 채무보증을 결정했다고 공시했다. 이는 자기자본의 11.19%에 달하는 규모다.

◇기륭E&E, 20일 주권매매거래 정지
한국거래소 코스닥시장본부는 16일 기륭E&E에 대해 대출원리금 연체사실발생 지연 공시를 했다며 불성실공시법인으로 지정했다. 부과벌점은 7.0점이다. 이에 거래소는 오는 20일 주권매매거래를 정지했다.

◇에스비엠, 불성실공시법인 지정
한국거래소 코스닥시장본부는 16일 에스비엠에 대해 공시불이행과 공시번복을 했다며 불성실공시법인으로 지정했다. 공시위반제재금은 3200만원이고 부과벌점은 16점이다.

또 거래소는 에스비엠에 대해 “ 상장폐지사유를 해소할 경우 상장 적격성 실질심사 대상여부를 심사할 예정”이라고 말했다.

◇경동제약, ""불성실공시법인 미지정“
한국거래소 코스닥시장본부는 16일 경동제약에 대해 감경사유로 인해 불성실공시법인 미지정을 결정했다고 공시했다. 경동제약은 최근 벌금등의 부과 지연공시로 불성실공시법인지정이 예정됐었다.

◇하이제1호스팩, 관리종목 지정 우려
한국거래소 코스닥시장본부는 16일 하이제1호스팩에 대해 “존립기한 만기 6월 전까지 상장예비심사 청구서를 제출하지 않는 경우 관리종목으로 지정될 우려가 있다”고 공시했다.

◇셀트리온 ""램시마 EMA 제품 승인 이후 지분매각“
셀트리온은 16일 최대주주 지분매각 추진설의 조회공시 요구에 대한 답변(재공시)을 통해 ""매각 시기는 현재 진행 중인 램시마의 유럽의약청(EMA) 제품 승인 이후가 될 예정""이라고 밝혔다.

앞서 서정진 대표이사는 주주가치 제고 및 기업가치 극대화를 위해 보유하고 있는 셀트리온 지분에 대한 매각 추진을 발표했던 바 있다.

◇금호종금 자본잠식..20일 오전 9시까지 매매정지
한국거래소는 16일 자본잠식 50% 이상을 기록한 금호종금의 주권매매를 20일 오전 9시까지 정지한다고 공시했다. 이날 금호종금은 지난 3월말 기준 자본금이 79.8% 잠식됐다고 밝혔다.

◇S&T홀딩스, 자사주 63여억원 어치 처분
S&T홀딩스는 16일 유통주식수 확대를 통한 시장 안정화 및 기관투자자 참여에 따른 주주가치제고를 위해 보통주 39만6334주를 63여억원에 처분키로 결정했다고 공시했다.

◇자원, 70억원 규모 BW 발행 결정
자원은 16일 운영자금 마련을 위해 70억원 규모의 무기명식 이권부무보증 분리형 사모 신주인수권부사채(BW) 발행을 결정했다.

◇트레이스, 10억원 규모 유상증자 결정
트레이스는 16일 운영자금 마련을 위해 9억9982만원 규모의 제3자배정 유상증자를 결정했다.

◇신세계건설, 475억원 규모 오피스텔 공사수주
신세계건설은 16일 송옥개발과 475억1560만원 규모의 동대구역 부띠끄시티 테라스 오피스텔 공사수주 계약을 체결했다고 공시했다.

계약금액은 매출액 대비 7.9% 수준이고, 계약기간은 오는 2015년 10월16일까지다.

◇르네코, 30억원 규모 유상증자 결정
르네코는 16일 운영자금 마련을 위해 30억원 규모의 제3자배정 유상증자를 결정했다고 공시했다.

◇모나미, 영업익 13억원..전년비 42% 감소
모나미는 16일 영업이익이 13억800만원으로 전년 동기 대비 42.2% 감소했다고 공시했다.

매출액은 455억4000만원으로 20.3%, 당기순이익은 1억2800만원으로 83.2% 줄었다.

◇대구백화점, 최정숙 상무 1100주 장내매수
대구백화점은 최대주주인 구정모 대표의 부인인 최정숙 상무가 1100주를 장내매수했다고 공시했다. 이에 최대주주 지분율은 23.80%로 0.01%포인트 올랐다.

현재 대구백화점은 구정모 대표 측과 2대주주인 씨앤에이치리스 사이에 경영권 분쟁 가능성이 제기되고 있다.

◇비츠로시스, 210억원 규모 경전철 관련 계약 해지
비츠로시스는 16일 부산김해경전철운영 주식회사와 체결했던 210억4983만원 규모의 부산-김해간 경량전철건설 민간투자사업 유지보수 도급계약을 해지했다고 공시했다.

회사측은 ""기존 차량부분 유지보수 업체인 로윈의 사업포기가 이유""라고 설명했다.

◇KT서브마린, 22일 주권매매거래 정지 해제
한국거래소 코스닥시장본부는 16일 KT서브마린에 대해 액면분할 주권 변경상장에 따라 오는 22일부터 주권매매거래 정지를 해제한다고 공시했다.

◇신세계건설, 298억원 규모 오피스텔 공사수주
신세계건설은 16일 제이스피앤디와 298억원 규모의 동대구역 부띠끄시티 드라마 오피스텔 공사수주를 했다고 공시했다.



[머니투데이 핫뉴스]
☞ 데미 무어, 19세 연하남과 결별..20세 연하와 새사랑?
☞ 서태지 300평 신혼집 ""수영장 딸린 최고급 주택""
☞ [단독]대형마트, 노무현 희화화 컴퓨터 배경화면 논란
☞ 김준현 아내 공개, '닮은 꼴' 부부의 '신혼 사랑'
☞ 칸영화제 '총격사건' 한손엔 수류탄들고..




▶ 핫포토 갤러리


박경담기자 damdam@
<저작권자 ⓒ '돈이 보이는 리얼타임 뉴스' 머니투데이, 무단전재 및 재배포 금지>"
4168,리드코프,2013.12.16. 오전 10:23,[레이더M] 대부업체 마침내 저축은행 인수 성공할까,"[본 기사는 12월 12일(18:09) '레이더M'에 보도 된 기사입니다]
연이은 가교저축은행 인수전에서 고배를 마신 아프로파이낸셜(러시앤캐시)과 웰컴크레디라인(웰컴론)이 이번에는 가교저축은행 인수에 성공할지 관심이 쏠리고 있다.
13일 금융투자업계에 따르면 지난 12일 예금보험공사의 예성·예나래·예신·예주 등 4개 가교저축은행 매각 비밀유지확약서 접수에서 러시앤캐시와 웰컴론은 나란히 확약서를 제출했다. 이들은 서울에 거점을 둔 예성·예신저축은행에 관심이 있는 것으로 알려졌다.
한편 서울고등법원은 이날 러시앤캐시의 영업정지처분 취소청구소송 항소심에서 서울 강남구청의 6개월 영업정지처분은 부당하다며 1심과 같이 원고측의 손을 들어줬다.
2011년 서울 강남구청은 러시앤캐시 등 관할구 내 3개 대부업체가 법정 최고이자율을 위반했다는 혐의로 6개월 영업정지 처분을 내렸다. 이에 불복한 러시앤캐시가 행정소송을 냈고 1심에 이어 2심에도 승소한 것이다.
대부업법상 최고이자율이 연 44%에서 39%로 떨어진 이후에도 이들 대부업체가 만기가 돌아온 대출을 이전 금리 그대로 갱신했다는 것이 강남구청의 주장이었다. 하지만 재판부는 1심과 마찬가지로 '계약이 자동으로 연장됐다'고 판단했다.
강남구청과의 법적공방은 러시앤캐시가 저축은행 인수에 도전할 때마다 대주주 적격성 문제와 연결되면서 인수의 걸림돌이 작용했다.
앞서 금융당국은 지난 9월 대부업체의 저축은행 인수에 대한 기준을 마련해 대부업체가 금융권에 진출할 길을 열어줬다. 인수 가능 기준을 자기자본 500억원 이상으로 제한하고 계열사간 연계영업과 채권매각을 제한하는 등의 세부조건을 이행한다는 전제 아래서다.
러시앤캐시와 웰컴론을 제외한 나머지 대부업체들은 인수를 위한 조건이 너무 엄격하다는 이유로 인수전에 참여하지 않을 것으로 알려졌다. 현재 500억원 이상 업체는 두 곳 외에도 산와머니, 리드코프 등 4곳이 더 있다.
이 때문에 저축은행 업계 안팎에서는 4곳 모두 주인을 찾기는 힘들 것이라는 관측도 나오고 있다. 비슷한 영업행태를 보이면서 시너지를 노릴 수 있는 대부업체를 제외하고는 저축은행에 관심을 보일 곳이 적다는 이유에서다.
일각에서는 우리금융 계열사 인수에 성공한 대신증권, KB지주 등이 저축은행도 함께 인수할 수 있다는 전망을 내놓고 있다.
[석민수 기자]


[매일경제 모바일 서비스 | 페이스북] [매일경제 구독신청] [오늘의 매일경제]
[ⓒ 매일경제 & mk.co.kr, 무단전재 및 재배포 금지]"
4359,동국산업,2013.12.30. 오전 7:30,장 종료 후 “이 공시 눈에 띄네”(코스닥-27일),"◆ 비에이치 = 31억7000만원 규모 계열사 채무보증 결정

◆ 대성미생물 = 32억원 규모 동물용 백신 공급계약 체결

◆ 와이솔 = 76억원 규모 신주인수권 행사

◆ 쌍용건설 = 3360억원 규모 발주처 채무보증 결정

◆ 희림 = 20억원 규모 자기주식 취득 신탁계약 연장 결정

◆ 씨엔플러스 = 5300만원 규모 자기주식 처분 결정

◆ 중앙백신 = 32억7000만원 규모 동물용 백신 공급계약 체결

◆ SK컴즈 = “싸이월드 등 콘텐츠 사업부 분할 검토 중, 결정된 사항 없어”

◆ 이트론 = 신주인수권행사가액 1006원에서 898원으로 조정

◆ 무림SP = 김석만 대표이사 체제로 변경

◆ 나라엠앤디 = 15억5000만원 규모 자기주식 처분 결정

◆ 제이엔케이히터 = 561억원 규모 공급계약 해지 결정

◆ 코이즈 = 20억원 규모 자기주식 취득 신탁계약 연장 결정

◆ 자원 = 스틸앤리소시즈로 상호 변경

◆ 필코전자 = 세종소재 주식처분으로 주요 종속회사 탈퇴

◆ 동국산업 = 전환가액 3564원에서 3534원으로 조정

◆ 토비스 = 1억9000만원 규모 자기주식 처분 결정

◆ 이트레이드증권 = “최대주주 지분매각 추진, 인수의향자 부재 등 고려 지매각 잠정 보류키로”

◆ 인테그레이티드에너지 = 84억2000만원 규모 프로판 및 부탄가스 판매 계약 체결

◆ 오성엘에스티 = 신주인수권행사가액 2665원에서 2560원으로 조정

◆ SIMPAC METALLOY = 6600만원 규모 자기주식 처분 결정

◆ 에어파크 = 종속회사 정진공영 53억원 규모 토지 및 건물 등 유형자산 처분 결정

◆ 한진피앤씨 = 71억원 규모 BW 발행 후 만기 전 사채 취득

◆ 인테그레이티드에너지 = 공급계약 체결 지연공시로 불성실공시법인 지정 예고

◆ 엠텍비젼 = 상장적격성 실질심사 대상 결정 주권매매거래 정지기간 변경

◆ 엘디티 = 우회상장 미해당 주권매매거래 정지 해제

<ⓒ세계를 보는 창 경제를 보는 눈, 아시아경제(www.asiae.co.kr) 무단전재 배포금지>"
5803,세종텔레콤,2015.11.02. 오전 9:16,"[특징주]세종텔레콤, 제4이통 도전…연일 급등세","[이데일리 박기주 기자] 세종텔레콤(036630)이 제4이동통신사업자 허가 신청서를 제출하면서 급등했다.

2일 오전 9시13분 현재 세종텔레콤의 주가는 전 거래일보다 26.92% 상승한 1980원을 기록하고 있다. 장 한때 가격제한폭까지 오르며 신고가를 기록하기도 했다.

세종텔레콤은 지난 30일 미래창조과학부에 제4이동통신사 허가 신청서를 제출했다. 정부는 허가신청법인을 대상으로 기간통신사업 허가신청과 주파수 할당 신청의 적격심사 절차에 곧바로 착수해 11월 말까지 허가신청 적격 여부를 결정해 신청법인에게 통보할 계획이다. 적격성 평가를 통과한 법인은 내년 1월까지 사업계획 등에 대해 심사받게 될 예정이다.





박기주 (kjpark85@edaily.co.kr)



＜ⓒ종합 경제정보 미디어 이데일리 - 무단전재 & 재배포 금지＞"
6067,제이스텍,2016.12.29. 오전 7:34,장 마감 후 주요 공시-28일,"[머니투데이 김주현 기자] -미래아이앤지는 최대주주인 고려포리머가 유상신주를 취득하면서 지분율이 14.9%에서 19.34%로 상승했다고 28일 공시했다.

-동부건설은 182억원 규모의 시흥은계 A1BL 아파트 건설공사 6공구 공사를 한국토지주택공사로부터 수주했다고 28일 공시했다. 이는 지난해 매출액의 2.61%에 해당하는 규모다. 계약기간은 오는 30일부터 2019년 3월20일까지다.

-일진제강은 보유중인 일진디스플레이 주식 320만8487주 전부를 일진머티리얼즈에 시간외매매 방식으로 매도했다고 28일 공시했다. 한 주당 평균 처분단가는 4770원이다. 일진제강의 최대주주는 허진규 회장(지분율 45.74%)으로 특별관계자 간 거래인 만큼 지분율 변화는 없다.

-한창은 자회사인 포트마린에 운영자금 목적으로 30억원 규모의 금전대여를 결정했다고 28일 공시했다. 이는 자기자본의 8.83%에 해당하는 규모다. 대여기간은 이날부터 2017년 12월27일까지다. 이율은 4.6%다.

-한국거래소 유가증권시장본부는 28일 제이준에 대해 현저한 시황변동과 관련한 조회공시를 요구했다. 답변기한은 오는 29일 오후 6시까지다.

-한국산업은행은 교환사채 일부의 조기상환에 따라 참엔지니어링 지분율이 7.66%에서 4.64%로 줄었다고 28일 공시했다.

-부국증권은 서울시 영등포구 국제금융로6길에 있는 부국증권빌딩 토지와 건물 자산 재평가를 통해 자산총액이 259억원 증가했다고 28일 공시했다. 이를 통한 자산총액은 1조2010억원이다. 부국증권은 더 신뢰성 있는 정보를 제공하고 자산 및 자본 증대 효과를 통한 재무구조 개선 차원에서 자산 재평가를 실시했다고 설명했다.

-신영증권은 단순투자목적 주식매매를 통해 에이블씨엔씨 지분율이 7.59%에서 6.57%로 1.02%포인트 하락했다고 28일 공시했다.

-유니온은 쌍용머티리얼 지분 인수에 따라 2191만820주(52.17%)를 신규 취득했다고 28일 공시했다.

-대우건설은 더피제이에 대해 3000억원 규모의 채무보증을 결정했다고 28일 공시했다. 이는 자기자본의 10.6%에 해당하는 규모다. 대우건설의 채무보증 총 잔액은 6조7483억원이다.

-KB손해보험은 운영자금을 마련하기 위해 신주 650만주를 발행하는 1706억원 규모의 제3자배정 유상증자를 결정했다고 28일 공시했다. 신주 발행가액은 26250원, 신주상장예정일은 2017년 1월10일이다. 발행대상자는 최대주주인 KB금융지주다. 해당 발행주식은 1년 이상 보호예수 된다.

-풀무원은 자회사인 이씨엠디에 대해 191억원 규모 채무보증을 결정했다고 28일 공시했다. 이는 자기자본의 5.8%에 해당하는 규모다. 채무보증 기간은 이날부터 2017년 11월30일까지다. 풀무원의 채무보증 총 잔액은 701억원이다.

-세아제강은 종속회사인 SeAH Steel USA LLC(SSUSA)가 미국 OCTG 사업 경쟁력을 강화하기 위해 OMK Tube, Laguna Tubular Product로부터 896억원 규모의 토지 및 건물, 설비 등 자산을 인수하기로 결정했다고 28일 공시했다. SSUSA는 인수자금을 마련하기 위해 732억원 규모의 주주배정증자를 결정했다. 발행대상자는 세아제강의 종속회사인 SeAH Steel Investment America LLC(SSIA)다.

-아이디스홀딩스가 미래에셋대우증권과 유동성 공급계약을 체결했다고 28일 공시했다. 호가스프레드 비율은 2.00%다.

-케이에스피가 최대주주 지분 매각 추진설 관련 조회공시 요구에 ""최대주주 한국공작기계 문의 결과 지분 매각을 진행 중이나 구체적으로 확정된 사항은 없다""고 28일 공시했다.

-하이쎌이 합병 계약에 따라 회사명을 브레인콘텐츠로 변경한다고 28일 공시했다. 대표이사는 정상준씨에서 장대용씨로 변경됐다.

-이에스에이가 12억원 규모의 디지털스튜디오투엘 지분 2만1214주를 취득하기로 결정했다고 28일 공시했다.

-코오롱생명과학은 박태현 사외이사가 한국과학창의재단 이사장으로 취임하면서 관련 법에 따라 중도 퇴임했다고 28일 공시했다.

-덕신하우징은 동아에스텍이 자사를 상대로 제기한 특허권 소송 관련, 대법원이 동아에스텍의 상고를 기각했다고 28일 공시했다.

-제이스텍이 R&D센터 건립을 위해 95억원 규모의 토지 및 건물(마곡 도시개발구역 실시계획상 필지번호 D21-1)을 양수하기로 결정했다고 28일 공시했다. 이번 양수 규모는 자산총액 대비 12.7%다.

-메이슨캐피탈이 투자 활성화를 통한 수익 제고를 위해 52억5031만원 규모의 개인채무재조정 채권을 매입한다고 28일 공시했다.

-에스아이티글로벌이 100억원 규모(322만5000주)의 제3자 배정 유상증자 물량을 배정자의 주금 납입 미이행으로 전량 불발행 처리한다고 28일 공시했다.

-유양디앤유가 지트리비앤티 주식 및 경영권 양수도 계약에 따라 지분율 14.41%를 확보했다고 28일 공시했다.

-한국거래소 코스닥시장본부가 아이리버에 최근 주가급등 관련 조회공시를 28일 요구했다. 공시 시한은 29일 오후 6시까지다.

-한국거래소 코스닥시장본부가 자연과환경에 최근 주가급락 관련 조회공시를 28일 요구했다. 공시 시한은 29일 오후 6시까지다.

-펩트론이 22억원 규모의 토지 및 건물(오송첨단의료복합단지 연구(가)18-5블럭)을 양수하기로 결정했다고 28일 공시했다. 이번 양수 목적은 임상시료 생산시설 확보 및 연구소 확대다. 양수금액은 자산총액 대비 10.36% 규모다.

-디엠씨가 90억원 규모의 제이피엘 지분 13만1766주를 취득하기로 결정했다고 28일 공시했다. 지분 취득 후 디엠시의 제이피엘 지분율은 79.99%다.

-펩트론이 188억원 규모 신규 시설투자를 결정했다고 28일 공시했다. 임상시료 생산시설 확보 및 연구소 확대 목적으로 자기자본 대비 33.14% 규모 투자다.

-KT서브마린이 KT로부터 40억원 규모의 송정 천해부 해저케이블 철거 작업 공사를 수주했다고 28일 공시했다.

-엠젠플러스가 운영자금 조달을 위해 20억원 규모의 전환사채를 발행하기로 결정했다고 28일 공시했다. 배정 대상은 코럴핑크다.

-넥스트바이오홀딩스가 80억원 규모의 폴루스 지분 80만주를 폴루스홀딩스에 양도하기로 결정했다고 28일 공시했다.

-MBK가 605만6527주 규모의 제3자 배정 유상증자 발행 결과 실제 발행 주식은 397만386주로 집계됐다고 28일 공시했다. 미청약분은 불발행 처리한다. 이에 따라 발행예정금액은 45억원에서 29억원으로 줄었다.

-세미콘라이트가 운영자금 32억원 조달을 위해 골든브릿지투자증권 대상으로 전환사채를 발행하기로 결정했다고 28일 공시했다.

-지스마트글로벌이 중국 기업과 154억원 규모의 물품 공급 계약을 체결했다고 28일 공시했다. 이번 계약 규모는 최근 매출 대비 32.64%다.

-아이티센이 한국산업은행 차세대 정보시스템 구축 사업의 우선협상대상자 선정과 관련, 자사가 속한 SK주식회사 컨소시엄에 대한 우선협상대상자 선정이 취소됐다고 28일 공시했다.

-자연과환경은 쓰리디엔터가 대전지방법원 공주지원에 제기한 주주명부 열람 및 등사 가처분신청과 관련, 쓰리디엔터가 신청 취하서를 제출했다고 28일 공시했다.

-한국거래소 코스닥시장본부가 리젠을 상장적격성 실질심사 대상으로 결정했다고 28일 공시했다.


[이코노미스트들의 깊이있는 투자정보 'TOM칼럼'][부자들에게 배우는 성공 노하우 '줄리아 투자노트' ][내 삶을 바꾸는 정치뉴스 'the 300']

김주현 기자 naro@

<저작권자 ⓒ '돈이 보이는 리얼타임 뉴스' 머니투데이, 무단전재 및 재배포 금지>"
6168,라이온켐텍,2016.03.14. 오전 7:31,장 마감 후 주요 종목 공시-11일,"[머니투데이 구유나 기자] 이엠티는 오는 25일 오전 10시 이엠티 충주공장 대회의실(충북 충주시 대소원면 첨단산업3로 85-1)에서 정기주주총회를 연다고 11일 공시했다.
대우조선해양은 11일 올해 5000억원 흑자 낸다는 보도와 관련해 ""이는 기자간담회 인터뷰 중 발표된 것으로 회사 내부적으로 확정된 전망과 숫자가 아니며, 경영정상화 과정에서 채권단과 목표로 삼고 있는 사항""이라고 밝혔다.

하이트진로홀딩스는 11일 ""지난달 25일 자회사인 하이트진로에탄올 지분 100% 매각을 위한 양해각서(MOU)를 체결했다""며 ""앞으로 창해에탄올과의 세부 협상을 통해 본 계약의 구체적인 조건 또는 본 계약의 쳬결 여부 등을 결정할 예정""이라고 공시했다.

팬엔터테인먼트는 오는 25일 오전 11시 서울 마포구 월드컵북로58길10 상암동 더팬빌딩 11층에서 제18기 정기주주총회를 개최한다고 11일 공시했다.

연우는 오는 16일부터 내달 5일까지 국내 기관투자자와 애널리스트 등을 대상으로 여의도 각 투자기관 회의실에서 기업설명회(IR)를 연다고 11일 공시했다.

현대로템은 11일 뉴질랜드 트란스데브 윌링턴과 1870억7700만원 규모의 전동차 166량 및 객차 25량에 대한 유지보수 사업을 체결했다고 공시했다. 이번 계약금액은 지난해 현대로템 매출액의 5.9%에 해당하는 규모다. 계약기간은 오는 7월1일부터 2031년 6월30일까지다.

에이티젠은 코아시아 마이크로일렉트로닉스(CoAsia Microelectronics Corp)와 193억원 규모의 NK Vue KIT 대만 독점 공급 계약을 체결했다고 11일 공시했다.

미래아이앤지는 11일 주식양수도계약에 따라 최대주주가 기존 비엑스티글로벌 외 2인에서 김영호씨로 변경된다고 공시했다. 김영호씨는 미래아이앤지 지분 17.02%를 보유 중이다.

티에스이는 오는 29일 오전 9시30분 티에스이 제3사업장(충남 천안시 서북구 직산읍 4산단 5길 78)에서 정기주주총회를 연다고 11일 공시했다.

라이온켐텍은 작년 영업이익이 전년 대비 16.1% 증가한 211억5930만원을 기록했다고 11일 공시했다. 같은 기간 당기순이익은 77.9% 증가한 178억5998만원, 매출액은 0.9% 늘어난 1150억5299만원이다. 라이온켐텍은 ""2014년 초 문평동 인조대리석 공장 화재로 인한 재해손실이 68억원 발생하면서 당기순이익이 감소했던 것""이라며 ""상대적으로 2015년에는 증가했다""고 설명했다.

세동은 오는 29일 오전 9시 세동 3층 대회의실(부산시 기장군 장안산단8로8)에서 정기주주총회를 개최한다고 11일 공시했다.

창해에탄올은 하이트진로에탄올 인수 추진설에 대한 보도 관련 조회공시 요구에 대해 ""주정사업 시너지 효과를 위해 지난 25일 하이트진로홀딩스가 보유한 하이트진로에탄올 지분 100% 인수를 위한 양해각서(MOU)를 체결했다""며 ""하이트진로홀딩스와의 세부 협상을 통해 본 계약의 구체적인 조건과 체결 여부 등을 결정할 예정""이라고 11일 답변했다.

엠케이전자는 오는 28일 오전 9시 엠케이전자 대회의실(경기도 용인시 처인구 포곡읍 금어로 405)에서 정기주주총회를 개최한다고 11일 공시했다.

효성오앤비는 올리고키토산을 포함한 식물병 방제용 조성물 분말수화제에 대한 특허권을 취득했다고 11일 공시했다. 회사 측은 ""감자역병, 토마토역병, 벼 도열병 등 다양한 식물병에 대해 방제효과가 있다""며 ""친환경 천연물 살균제이므로 환경오염, 인체독성 등으로부터 안전하게 사용할 수 있다""고 설명했다.

신일산업은 11일 ""당사의 최대주주 등은 지분 매각과 관련해 비공개 입찰을 진행했으나 적정한 우선협상대상자를 찾지 못해 매각 일정 모두를 취소했다""고 공시했다.

크레듀는 11일 사업 확장 등을 위해 멀티캠퍼스로 상호를 변경한다고 공시했다.

한국거래소는 11일 심엔터테인먼트에 대해 3자배정 유상증자 추진설에 대한 사실 여부 및 구체적인 내용에 대해 조회공시할 것을 요구했다. 답변시한은 오는 14일 낮 12시까지다.

강남제비스코는 11일 최대주주의 특별관계자인 황승국씨가 황정환씨와 황윤우씨에게 각각 1만5000주를 증여해 보유 주식이 4만8016주로 줄었다고 공시했다. 특별관계자들끼리의 지분 변동으로 강남제비스코의 최대주주 측 지분은 50.97%(331만3326주)로 기존과 동일하다.

현대글로비스는 11일 마상곤 사외이사를 재선임한다고 공시했다. 마 사외이사는 임기만료 전 재선임을 위해 중도퇴임 후 선임될 예정이다. 마 사외이사는 현재 협운해운인터내셔널 회장을 맡고 있다.

MH에탄올은 11일 최동호 대표이사의 임기 만료로 윤현의 대표이사를 신규 선임한다고 공시했다. 이에 따라 MH에탄올은 윤현의, 조원호 대표이사 체제가 된다. 윤 대표이사는 최대주주의 특수관계인으로 합포의료재단이사를 맡고 있다.

한국거래소는 11일 롯데쇼핑에게 롯데그룹의 베트남 Big C 마트 인수 추진설에 대한 조회공시를 할 것을 요구했다. 답변시한은 오는 14일 낮 12시까지다.

테크윙은 샌디스크(SanDisk Coporation)와 53억원 규모의 메모리 반도체 검사장비시스템 공급계약을 체결했다고 11일 공시했다. 계약 규모는 2014년 매출액 대비 4.73%이며, 계약기간은 오는 5월 25일까지다.

트러스톤자산운용은 11일 현대글로비스 주주총회에서 마상곤 사외이사의 재선임 안건에 대해 반대했다고 공시했다. 트러스톤자산운용은 마 사외이사의 재임연수가 7년을 초과해 장기연임은 경영진과 독립성을 저해할 가능성이 적지 않다고 밝혔다. 트러스톤자산운용은 현대글로비스 주식 7만2812주(0.19%)를 보유 중이다.

트러스톤자산운용은 11일 삼성전자 주주총회에서 이인호씨의 사외이사 및 감사위원회위원 선임과 박재완씨의 사외이사 선임에 반대했다고 공시했다. 트러스톤자산운용은 이 씨가 장기연임해 경영진과의 독립성을 저해할 가능성이 적지 않고, 박 씨는 회사의 경영진을 견제, 감독하는 역할을 충실히 수행하는 데 있어 상당한 우려가 존재한다고 판단했다.

트러스톤자산운용은 11일 현대모비스 주총에서 정몽구 현대차그룹 회장의 사내이사 안건에 대해 반대했다고 공시했다. 이 외에도 정관 일부 변경의 건, 정명철 사내이사 선임, 이승호·임건 사외이사 선임에 반대했다. 트러스톤자산운용은 현대모비스 주식 5만7551주(지분 0.06%)를 보유하고 있다. 트러스톤자산운용은 현대차 주총에서 정의선 현대차 부회장에 대해서도 사내이사 선임을 반대했다. 남성일씨의 사외이사 및 감사위원회 위원과 이유재씨의 사외이사선임에 대해서도 반대했다. 트러스톤자산운용은 현대차 주식 9만2318주(지분 0.04%)를 보유하고 있다. 트러스톤자산운용은 정몽구 회장과 정의선 부회장에 대해 ""사내이사이자 최고경영진으로서 막대한 규모의 투자 의사결정 시 회사의 중장기적인 최선의 이익을 위해 상법이 정하는 이사로서의 의무를 충실히 이행했는 지 상당한 의문의 여지가 있을 뿐만 아니라, 책임 경영과 투명 경영 측면에서 적격성을 갖추고 있는지 의심을 피하기 어렵다""고 밝혔다.

트러스톤 자산운용은 11일 삼성증권 주총에서 문경태 사외이사 선임 안건에 대해 반대했다고 공시했다. 트러스톤자산운용은 삼성증권 주식 28만2799주(지분 0.37%)를 보유하고 있다. 트러스톤자산운용은 ""문 후보는 삼성그룹 임직원으로 재직해 최대주주 혹은 경영진을 효과적으로 견제하고 감시할 만한 독립성을 갖췄다고 기대하기 어렵다""고 밝혔다.

한국자원투자개발은 사업다각화와 수익성 증대를 위한 기반 확보 차원에서 티와이밸브 주식 144만주를 72억원에 취득했다고 11일 공시했다.

유니켐은 11일 운영자금 10억원을 조달하기 위해 주주인 송암글로벌을 대상으로 3자배정 유상증자를 실시한다고 공시했다. 신주발행가는 1588원이고, 발행되는 신주는 62만9723주다. 납입일은 오는 23일이고, 신주의 상장일은 다음달 7일이다.

잇츠스킨은 11일 천우림과 면세점 운영 및 판매대행 등 중간관리에 대한 모든 계약을 해지키로 했다고 공시했다. 해지일은 오는 5월31일이다. 회사 측은 ""면세점 중간관리에 대한 모든 사항을 당사가 직접 관리할 것""이라며 ""이 계약은 상장 이전에 체결된 것으로 매출과는 상관이 없는 수수료(판관비)지급 계약""이라고 밝혔다.

기산텔레콤은 작년 영업이익이 16억원으로 전년 대비 8.7% 감소했다고 11일 공시했다. 같은기간 당기순이익은 17억원으로 전년 대비 38% 줄었고, 매출액은 797억원으로 7% 증가했다. 기산텔레콤 측은 ""매출 원가 상승으로 인해 이익이 감소했다""고 설명했다.

아세아텍은 승용이앙기용 써레와 사이드가이드, 디젤엔진 승용이앙기용 메인프레임 등 3개 기술에 대한 특허를 취득했다고 11일 공시했다. 아세아텍은 ""승용이앙기 생산에 적용할 게획""이라면서 ""이용자들의 조작이 용이해져 편의성이 증대될 것으로 기대한다""고 밝혔다.

인천도시가스는 11일 정진서 대표이사의 사임으로 정진혁 대표이사를 선임했다고 공시했다. 인천도시가스는 정진혁, 이가원 공동대표이사 체제가 된다. 정 신임 대표는 청라에너지 기획개발본부장을 역임했다.

삼성에스디에스는 11일 정유성 대표이사를 신규 선임했다고 공시했다. 정 대표는 삼성석유화학 대표이사, 삼성종합화학 대표이사 등을 역임했다.

동아화성은 작년 영업이익이 147억원으로 전년 대비 33.7% 감소했다고 11일 공시했다. 같은 기간 매출액은 2114억원으로 8.9% 늘었지만, 당기순이익은 51억원으로 51.9% 감소했다. 회사 측은 ""해외자회사의 외화환산손실 때문""이라고 설명했다.

일경산업개발은 운영자금 10억원 조달을 위해 48만7000주 규모의 제3자배정 유상증자를 결정했다고 11일 공시했다.

제이티는 중국 마이크론(Micron)과 23억원 규모의 소터(sorter) 공급계약을 체결했다고 11일 공시했다. 이는 매출액 대비 5.25%에 해당하며, 계약기간은 오는 7월 1일까지다.

조흥은 11일 유익제 대표이사를 선임했다고 공시했다. 이에 따라 조흥은 박찬일, 유익제 각자 대표이사 체제가 된다. 유 대표는 오뚜기제유 대표이사를 역임했다.

다우인큐브는 11일 보통주 1주당 20원의 현금을 배당키로 했다고 공시했다. 시가배당률은 0.51%고 배당 지급 예정일은 오는 4월27일이다.

신화인터텍은 이사회 결의에 따라 대표이사를 이상운 씨에서 윤승철 삼성전기 전무로 변경한다고 11일 공시했다.

영풍제지는 11일 이무진 대표이사의 사임으로 김동준 대표이사를 선임했다고 공시했다. 김 대표는 전북과학대학교 총장, 큐캐피탈파트너스 대표를 역임했다.

녹십자는 11일 조순태 대표이사 사임으로 허은철 단독 대표이사 체제가 됐다고 공시했다.

삼성제약은 11일 지난해 영업손실이 18억7000만원으로 적자가 지속됐다고 공시했다. 매출액은 39.2% 늘어난 421억6400만원, 당기순손실은 적자가 지속된 9억9400만원으로 집계됐다.

한국거래소는 11일 누리플랜에 최근 현저한 주가급등과 관련, 공시규정상 중요공시사항 유무에 대한 조회공시를 요구했다. 답변시한은 오는 14일 오후 6시.

신세계푸드는 김성환 대표 임기 만료로 최성재 대표를 선임했다고 공시했다. 이마트 영업총괄부문 식품본부장을 역임했다.

한국거래소는 11일 에이디칩스에 대해 최근 현저한 주가급등과 관련 조회공시를 요구했다. 답변시한은 오는 14일 18시까지다.

씨엘인터내셔널은 남춘우, 김영우, 이희준, 오윤호 등 4인이 수원지방법원 성남지원에 박광혁 대표이사를 선임한 이사회의 결의를 무효로 하는(2016가합201377) 소송을 제기했다고 11일 공시했다. 회사측은 ""소송대리인을 선임해 관련 법률근거에 따라 적극 대응할 것""이라고 설명했다.

신세계는 11일 계열사인 신세계디에프에 매장 인테리어 등 시설투자비 로 800억원을 출자키로 했다고 공시했다.

화승인더스트리는 11일 보통주 1당 25원을 현금배당키로 했다고 공시했다. 시가배당율은 0.4%, 배당금지급 예정일은 오는 3월29일이다.

화승인더는 11일 지난해 연결 영업이익이 443억원으로 전년 대비 200.7% 증가했다고 공시했다. 연결 매출액은 27.6% 늘어난 7468억3200만원, 당기순이익은 흑자전환한 215억1200만원으로 집계됐다.

금호타이어는 11일 김창규 대표가 사임하고 이한섭 대표가 신규 선임돼 박삼구, 이한섭 대표이사 체제로 바뀌었다고 공시했다.

현대차는 11일 이원희 각자대표를 신규 선임했다고 공시했다. 이에 따라 현대차는 정몽구, 윤갑한, 이원희 각자 대표이사체제로 변경됐다. 이 대표는 현대자동차 기획 영업·마케팅 재경담당 사장이다.

영원무역홀딩스는 11일 자회사인 영원아웃도어가 주당 1만3000원의 현금을 배당키로 했다고 공시했다. 배당금 총액은 78억원이다.

아시아13호는 11일 보통주 1주당 74.7946원을 분배키로 했다고 공시했다. 지급예정일은 오는 4월11일이다. 시가분배율은 1.8%다.

코리아01호는 11일 보통주 1주당 99.5617원을 분배키로 했다고 공시했다. 지급예정일은 오는 4월15일이다. 시가분배율은 2%다.

티웨이홀딩스는 11일 타법인 증권 취득자금과 기타자금을 마련하기 위해 세종저축은행을 대상으로 50억원 규모의 전환사채(CB)를 발행키로 했다고 공시했다. 표면이자율과 만기이자율은 각각 3%고 사채만기일은 2021년 3월14일이다. 전환가액은 6725원, 전환청구기간은 2017년 3월14일부터 2021년 2월14일까지다. 납입일은 오는 14일이다.

대호에이엘은 11일 최대주주인 대호하이텍이 대구은행에서 빌린 98억3000만원에 대해 구지공장 토지, 건물 및 기계장치를 담보로 제공했다고 공시했다. 담보설정금액은 70억원이다.

심엔터테인먼트는 한국거래소의 제3자배정 유상증자 추진설에 관한 조회공시 요구에 대해 ""투자유치와 관련해 국내외기업들과 현재 협의를 진행하고 있으나 현재까지 확정된 사항은 없다""고 공시했다. 회사 측은 ""구체적인 내용이 확정되는 시점 또는 1개월 이내에 재공시할 것""이라고 덧붙였다.

동부증권은 지난달 현 경영진등이 횡령혐의로 제3자에 의해 고발된 사실에 대해 ""현재까지 현 경영진등의 횡령 사실이 확인 된 바 없으며, 검찰로부터 상기 고발과 관련해 통보 받은 내용이 없다""고 공시했다.

차바이오텍은 한국거래소의 해외 의료법인 인수보도와 관련된 조회공시 요구에 대해 ""중국, 홍콩, 싱가폴 등 동아시아 지역에 대한 각종 의료기관의 인수나 신설을 위한 프로젝트를 추진 중이나 확정된 사항은 없다""고 공시했다. 회사 측은 ""구체적인 내용이 확정되는 시점 또는 재공시 기한(6월13일)까지 공시하겠다""고 설명했다.

광주신세계는 11일 유신열 대표가 사임하고 임훈 대표가 신규 선임됐다고 공시했다. 임 대표는 광주신세계 총괄임원이다.

삼성전자는 11일 삼성문화재단에 270억원을, 삼성생명공익재단에 953억원을 증여한다고 공시했다.

뉴프라이드는 김은종 대표이사의 사임에 따라 노갑성 대표이사 단독체제로 변경됐다고 11일 공시했다.

삼성전자는 11일 삼성복지재단에 180억원을 증여한다고 공시했다.

삼성전자는 11일 성균관대에 230억원을 증여한다고 공시했다.

금호산업은 11일 기타자금 457억3500만원을 조달하기 위해 유나이티드피에프제일 등 11곳을 대상으로 신주 28만4070주를 발행하는 유상증자를 결정했다고 공시했다. 신주 발행가액은 16만1000원이고, 신주의 상장 예정일은 다음달 27일이다.

롯데쇼핑은 11일 ""베트남 유통업체 Big C 인수 추진 여부를 검토하고 있으며, 10일 예비입찰에 참여했으나 현재까지 구체적으로 결정된 사항은 없다""고 공시했다.

신후는 이장헌 대표이사가 해임됨에 따라 이준희 단독 대표이사 체제로 변경한다고 11일 공시했다.

팬젠은 코스닥 신규상장에 따라 김영부 외 특별관계자 11인이 지분 33.62%(290만2440주)를 보유하고 있다고 11일 공시했다.

네오위즈게임즈는 네오위즈홀딩스가 보유한 자사의 지분율이 34.78%에서 29.37%로 감소했다고 11일 공시했다. 네오위즈홀딩스는 신주인수권 행사기간 만료로 권리가 소멸됐다.

AP위성통신은 코스닥 신규상장에 따라 류장수 외 특별관계자 8인이 지분 53.99%(732만6000주)를 보유하고 있다고 11일 공시했다.


['생존 재테크' 백과사전 ""재테크를 부탁해"" ][부자들에게 배우는 성공 노하우 '줄리아 투자노트' ][내 삶을 바꾸는 정치뉴스 'the 300'][오늘 나의 운세는? '머니투데이운세' ][아찔한 girl~ 레이싱모델 핫포토 ]

구유나 기자 yunak@mt.co.kr

<저작권자 ⓒ '돈이 보이는 리얼타임 뉴스' 머니투데이, 무단전재 및 재배포 금지>"
6713,셀트리온,2018.12.11. 오전 11:36,"바람잘날 없는 제약·바이오주, 삼바는 날고 셀트리온은 출렁","[머니투데이 진경진 기자] [[오늘의포인트]""정부차원 헬스케어 육성 의지 강하고 업종 내 긍정 이슈 대기""]


제약·바이오업종이 바람 잘날 없는 연말을 보내고 있다. 분식회계 혐의로 거래정지됐던 삼성바이오로직스가 19일 만에 거래를 재개하며 주가가 급등했다. 하지만 이번에는 셀트리온헬스케어에 대한 금융감독원 회계 감리 소식이 알려지면서 관련 종목 주가가 출렁이고 있다.

11일 오전 11시18분 현재 코스피 시장에서 셀트리온은 전일 대비 5.32% 내린 23만1500원에 거래되고 있다. 코스닥 시장에서는 셀트리온헬스케어, 셀트리온제약이 각각 6.39%, 4.44%씩 내려 거래 중이다.

셀트리온 관련주 하락은 셀트리온의 판매 유통을 맡고 있는 셀트리온헬스케어가 금감원 회계감리에 들어갔다는 소식이 전해지면서 장 초반부터 시작됐다.

이번 감리는 셀트리온헬스케어가 올해 2분기 영업손실을 숨기기 위해 셀트리온에 국내 판매권을 되팔아 받은 218억원을 매출로 처리했다는 의혹에서 나왔다.

감리 결과 회계 처리가 고의 분식이었다는 결론이 나면 삼성바이오로직스와 같이 거래정지 사태가 나타날 수 있어 투자자들의 불안감이 높아진 것으로 분석된다.

셀트리온헬스케어는 입장문을 통해 ""기업회계기준에 따른 회계 처리""라고 반박했다.

셀트리온헬스케어 파장은 업종 내 일부에도 영향을 미쳐 신라젠 휴젤 제넥신 등도 하락세를 보이고 있다.

전문가들은 제약·바이오주의 투자 심리가 개선돼 주가가 우상향할 것이란 입장을 유지했다. 거래재개된 삼성바이오로직스와 제약·바이오 업종 내 긍정적인 이슈가 계속되고 있다는 점이 긍정적으로 작용할 것이란 이유에서다.

삼성바이오로직스는 전날(10일) 상장적격성 실질심사를 위한 기업심사위원회에서 상장 유지가 결정된 후 첫 거래일인 이날 18.98% 오른 39만8000원에 거래되고 있다.

덕분에 코스피 의약품 지수는 전일 대비 3.08% 올라 가장 높은 상승률을 보이고 있다.

내년 개별 제약·바이오 종목들이 FDA(미국 식품의약국), EMA(유럽의약품청), CFDA(중국위생허가) 승인을 줄줄이 앞두고 있다는 점도 긍정적이다.

정부 차원에서 헬스케어 산업에 대한 육성 의지도 강하다. 실제로 보건복지부는 전날 헬스케어 분야를 혁신성장의 동력으로 삼기 위해 '4차 산업혁명 헬스케어 발전전략'을 마련, 건강수명을 2015년 73세에서 2022년 76세로 올리고, 바이오헬스 분야 일자리는 2016년 13만명에서 2022년 18만명으로 늘리는 내용을 발표했다.

김재익 하이투자증권 연구원은 ""최근 업종별 주가 추이를 보면 개별 종목의 독립된 움직임보다는 업종 투자심리(방향성)에 따라 함께 움직이고 있다""며 ""향후 제약·바이오 섹터의 주가 또한 긍정적인 방향으로 나아갈 것""이라고 전망했다.

▶마사지 뭐가 달라요? Q&A
▶팰리세이드, 숨겨진 기능이 있다? ▶뉴스는 머니투데이

진경진 기자 jkjin@mt.co.kr

<저작권자 ⓒ '돈이 보이는 리얼타임 뉴스' 머니투데이, 무단전재 및 재배포 금지>"
6755,상상인,2018.12.18. 오후 4:24,"상상인, 인수 심사 재개에도…여전한 악재에 주가 부진","금감원, 골든브릿지證 대주주적격성 심사 재개
이번엔 무자본 M&A 일제 점검
주가 3개월간 21.70% 하락
자료=마켓포인트 제공
[이데일리 윤필호 기자] 금융감독원이 골든브릿지증권의 대주주 적격성 심사를 재개했다. 하지만 인수 신청자인 상상인의 주가 흐름은 신통치 않다. 최근 감독당국이 무자본 인수합병(M&A) 점검에 나선 배경으로 상상인 계열 저축은행이 얽혀있는 등 악재가 여전하기 때문이다.

18일 마켓포인트에 따르면 상상인 주가는 금융당국이 골든브릿지증권의 대주주 적격성 심심사를 중단한 지난 9월부터 떨어지기 시작해 3개월 동안 21.70% 하락했다. 금감원이 지난달부터 적격성 심사를 재개했지만, 악재가 겹치면서 좀처럼 회복세를 보이지 못하는 모습이다.

금감원의 골든브릿지증권 대주주 적격성 심사는 지난 9월 유준원 상상인 대표의 불공정거래 의혹과 관련한 내용이 검찰에 통보되면서 중단됐다. 그러나 수사에 착수하지 않아 심사의 장기화 우려가 제기되자 다시 심사에 나선 것이다. 금감원 관계자는 “지난달부터 심사를 재개해서 진행 중이다”며 “검찰 수사가 진행되지 않아서 장기화 우려가 나와서 다시 심사에 착수했다”고 설명했다.

현행법상 대주주 적격성 심사 요청이 들어오면 3개월 간 심사기간이 부여된다. 금감원은 이 기간 중에 결론을 내려야 한다. 다만 특별한 사유가 발생할 경우 심사를 중단할 수 있다. 심사를 재개할 경우 기존에 심사한 기간에 이어서 진행되기 때문에 이르면 내년 초에 심사기한이 끝나고 결과를 발표할 것으로 보인다.

그럼에도 상상인 주가는 하락곡선을 그리고 있다. 최근 금감원이 점검에 나선 무자본 M&A 이슈가 악재로 작용하는 형국이다. 무자본 M&A는 기업 인수자가 자기자금보다는 차입자금으로 기업을 인수하는 것을 의미한다. 이태규 바른미래당 의원은 국회 정무위원회 국정감사에서 상상인이 두 곳의 계열 저축은행을 통해 1조8925억원을 최고 24% 금리로 주식담보대출을 했다며 무자본 M&A 악용 우려를 내비쳤다. 이 같은 지적이 나오자 상상인저축은행과 상상인플러스저축은행은 경영권 변동 후 1년 이내 기업에 대한 주식담보대출을 중단하기로 결정했다.

금감원은 지난 5일 무자본 M&A 추정기업을 선정해 자금조달 규모와 사용내역을 파악하고 결산 재무제표에 회계처리 반영 내역 등에 대해 일제 점검에 나설 것이라고 밝혔다. 점검의 계기가 됐던 상상인 계열 저축은행 역시 점검 대상에 포함될 가능성이 높은 상황이다. 다만 무자본 M&A 점검은 장기간에 걸쳐서 진행되는 만큼 직접적으로 골든브릿지증권 인수에 영향을 미치지는 않을 수 있다.

윤필호 (nothing@edaily.co.kr)

네이버에서 이데일리 [구독하기▶]
빡침해소! 청춘뉘우스~ [스냅타임▶]


＜ⓒ종합 경제정보 미디어 이데일리 - 무단전재 & 재배포 금지＞"
6759,상상인,2018.12.17. 오후 4:39,불씨살린 골든브릿지證 인수…무자본M&A점검 새변수,"[머니투데이 김훈남 기자] [10월말 유준원 상상인 대표 연루 불공정거래의혹 증선위 넘겨…금감원 심사재개했지만 무자본M&A 연루 의혹 변수될 듯]

금융당국이 골든브릿지증권의 대주주 적격성 심사를 재개했다. 인수자인 유준원 상상인 대표에 대한 불공정 거래의혹 사건에서 사실상 무혐의 결론이 나오면서 이르면 2019년 초 대주주 적격성 여부 판단이 나올 전망이다.

이 가운데 금융감독원의 무자본 M&A(인수합병) 추정기업 일제감리 배경에 상상인 계열 저축은행이 자리하고 있어, 감리 결과가 새 변수로 떠올랐다.

17일 금융당국 관계자들의 말을 종합하면 금감원은 지난달 말 골든브릿지증권에 대한 대주주 적격성 심사를 재개했다. 올해 5월 대주주 변경심사 신청 직후 유준원 대표에 대한 불공정거래 의혹 조사로 중단했던 심사를 다시 시작한 것이다.

금감원 관계자는 ""올해 남은 증권선물위원회 일정 등을 고려할 때 연내 결론은 어렵다""고 설명했다. 이르면 2019년 초 골든브릿지증권의 대주주 적격성 여부에 대한 금감원 결론이 날 전망이다.

이번 심사 재개는 금융당국이 유준원 대표의 불공정거래 의혹에 대해 사실상 무혐의 결론을 내렸기 때문이다. 증선위는 10월 말 정례회의에서 유 대표가 연루된 특허권 관련 불공정거래 사건에 대한 제재 안건을 의결하고 검찰에 사건을 통보했다. 유준원 대표는 사건 참고 수준으로 함께 통보했는데, 불공정거래 과정에 구체적인 관여 정황이 드러나지 않았다는 게 금융당국 관계자의 전언이다.

대주주 적격성 심사에 걸림돌이던 불공정거래 사건이 일단락되면서 금감원의 심사도 다시 시작됐다. 다만 금감원이 진행 중인 무자본 M&A 추정기업에 대한 일제 회계 점검 과정에서 상상인 계열 저축은행이 문제될 수 있다는 관측이 나온다.

금감원은 올해 10월 국정감사에서 나온 이태규 바른미래당 의원의 지적에 따라 무자본 M&A 추정기업 회계 점검에 착수했다. 당시 이태규 의원은 ""무자본 M&A로 투자자 피해가 지속되고 있어 규제를 강화할 필요가 있다""며 무자본 M&A 추정기업에 자금을 빌려준 금융회사로 상상인 계열 저축은행을 지목했다.

금감원의 회계 점검이 일차적으론 무자본 M&A 추정회사에 대한 회계처리 적절성과 횡령여부 등을 보는 것이지만, 결국 이들 기업에 인수자금을 대출해준 상상인 계열 저축은행에 대한 점검 가능성도 커진 셈이다.

한 금융당국 관계자는 ""금감원이 결국은 상상인 계열 저축은행의 대출 적절성을 살펴볼 수밖에 없을 것""이라며 ""유준원 대표의 자본시장법 위반 의혹은 지나갔지만, 무자본 M&A 추정기업 회계점검 결과를 주목해야 한다""고 설명했다.

▶마사지 뭐가 달라요? Q&A
▶팰리세이드, 숨겨진 기능이 있다? ▶머투 채널 구독하고 따뜻한 커피 드세요♪

김훈남 기자 hoo13@mt.co.kr

<저작권자 ⓒ '돈이 보이는 리얼타임 뉴스' 머니투데이, 무단전재 및 재배포 금지>"
6762,상상인,2018.11.21. 오후 12:52,"[마켓인사이트]상상인, 콜옵션 달린 회사채 220억원어치 발행","만기 1년…5개월 후부터 조기상환 가능

≪이 기사는 11월21일(11:34) 자본시장의 혜안 ‘마켓인사이트’에 게재된 기사입니다≫

컴퓨터시스템 설계업체인 상상인이 조기상환 조건이 달린 회사채를 발행해 220억원을 조달했다.

21일 한국예탁결제원에 따르면 상상인은 이날 1년 만기 회사채 220억원어치를 사모로 발행했다. 채권 금리는 연 5.5%로 결정됐다. 해당 채권에는 상상인이 내년 4월부터 조기상환할 수 있는 조건이 붙어있다. 미래에셋대우가 채권 발행실무를 맡았다.

상상인은 1989년 청원전자라는 사명으로 설립된 컴퓨터시스템 설계업체로 2000년 코스닥시장에 상장했다. 2004년 텍셀네트컴으로 사명을 바꿔 영업하다가 올 3월 상상인으로 이름을 변경했다. 올 1~3분기 매출은 3558억원으로 전년 동기 대비 18.9%, 영업이익은 1333억원으로 60.6% 증가했다.

이 회사는 최근 지속적으로 금융회사 인수합병(M&A)을 시도하고 있다. 상상인은 2012년 세종저축은행(상상인플러스저축은행)을 인수하며 금융업에 발을 들였고 2016년에는 공평저축은행(상상인저축은행)의 경영권도 확보했다. 올 들어선 골든브릿지증권 인수에 나섰지만 금융당국의 대주주 적격성 심사 중단으로 사실상 인수가 무산된 상태다.

김진성 기자 jskim1028@hankyung.com



[한경닷컴 바로가기] [모바일한경 구독신청]
전문가들의 내년 투자전략이 알고 싶다면? <자세히 보기>
ⓒ 한국경제 & hankyung.com, 무단전재 및 재배포 금지"
6770,상상인,2018.10.16. 오후 6:16,"상상인, 골든브릿지투자證 인수 사실상 무산","이 종목에 무슨 일이

금감원 ""불공정거래 행위 조사""
대주주 적격성 심사 중단

[ 조진형 기자 ] 코스닥시장 상장기업 상상인(옛 텍셀네트컴)의 골든브릿지투자증권 인수가 사실상 어려워졌다. 금융당국이 골든브릿지증권 인수와 관련한 대주주 적격성 심사를 중단함에 따라 상상인은 인수 철회 수순을 밟을 것으로 예상된다.

1
6일 금융당국에 따르면 금융감독원은 약 2개월 전 골든브릿지증권 인수 관련 대주주 적격성 심사를 중단한다고 상상인에 통보했다. 금감원은 상상인 대주주 관련 불공정거래 행위 조사가 진행되고 있다는 점을 들어 심사를 중단했다. 또 과거 상상인의 해외 계열사가 현지에서 제재를 받은 점도 영향을 미친 것으로 전해졌다.

컴퓨터시스템 설계 업체인 상상인은 2012년 세종저축은행(상상인플러스저축은행), 2016년 공평저축은행(상상인저축은행)을 잇달아 인수하면서 금융업에 진출했다. 골든브릿지증권 경영권 인수 계획을 발표한 건 지난 2월이었다. 당시 계열 저축은행과 함께 골든브릿지증권이 발행하는 신주와 전환사채(CB)에 각각 600억원, 400억원을 투자하겠다고 밝혔다.

골든브릿지증권 경영권을 인수해 저축은행과 시너지를 내겠다는 계획이었다. 상상인 계열 저축은행들은 코스닥 기업을 중심으로 공격적인 주식담보대출 사업을 벌여왔다. 코스닥 기업이 발행하는 CB에도 적극적으로 투자했다. 얼마 전에는 감사인 의견거절로 상장폐지 정리매매가 진행된 모다, 파티게임즈 등에도 투자했다가 적잖은 손실을 본 것으로 알려졌다.

금감원의 대주주 적격성 심사 중단으로 상상인의 증권사 인수 계획은 물건너갔다는 관측이다. 한 법무법인 소속 변호사는 “금융당국의 대주주 적격성 심사가 중단되면 대부분 자진해서 인수를 철회할 수밖에 없다”고 말했다.

골든브릿지증권은 이번 대주주 심사 안건과 별개로 금감원 제재를 받을 예정이다. 금감원은 지난달 제재심의위원회에서 골든브릿지증권의 부당 경영행위와 관련해 기관경고, 임직원 제재, 과태료 부과 등을 의결했다. 이번 조치는 골든브릿지증권 노조가 지난해 유상감자 과정에서 경영진의 배임 등 부당 경영행위가 있었다며 금감원에 검사를 요구한 데서 비롯됐다. 제재 안건은 오는 24일 금융위원회 정례회의에서 최종 확정된다.

골든브릿지증권은 유가증권시장에서 전날 29.31% 급락했다가 이날 4.50% 오른 2205원에 거래를 마쳤다. 상상인의 경영권 인수가 발표되기 직전 주가는 1380원이었다. 상상인은 코스닥시장에서 전날 6.40% 떨어졌다가 이날 0.26% 오른 1만9050원에 마감했다.

조진형 기자 u2@hankyung.com



[한경닷컴 바로가기] [모바일한경 구독신청]
글로벌 블록체인 프론티어 코리아! 2018 코리아 블록체인 엑스포 [바로가기]
ⓒ 한국경제 & hankyung.com, 무단전재 및 재배포 금지"
6771,상상인,2018.10.15. 오전 11:33,"[단독] 금감원, 상상인 골든브릿지증권 인수 심사 중단","""중단 사유 발생""…17일 증선위 안건 상정 난망
상상인 ""M&A 3개월 미만 주담대는 이미 중단""
서울 여의도 금융감독원. 2018.4.17/뉴스1 ⓒ News1 임세영 기자

(서울=뉴스1) 김태헌 기자,양종곤 기자 = 금융당국이 상상인(옛 텍셀네트컴)의 골든브릿지투자증권 인수 관련 대주주 적격성 심사를 중단했다.

금융감독원 고위 관계자는 15일 ""골든브릿지증권 인수 관련 상상인의 대주주 적격성 심사를 진행했지만, 최근 대주주 관련 심사 중단 사유가 발생했다""며 ""구체적인 사유는 공개할 수 없다""고 밝혔다.

앞서 상상인은 지난 2월 골든브릿지증권 인수 계약을 하고, 지난 5월 금융위원회에 대주주 적격성 심사 서류를 접수했다.

상상인은 세종저축은행과 공평저축은행을 잇달아 인수하며 금융업에 진출했다. 컴퓨터시스템 설계(자문)업이 주된 사업영역이지만 전체 매출에서 금융업 비중이 78%에 이른다.

두 저축은행은 전체 여신 중 주식담보대출 비중이 다른 저축은행보다 높은 편이다. 중소형 증권사 인수의 시너지를 기대하는 이유다. 전상용 토러스투자증권 연구원은 ""골든브릿지증권을 인수하면 (상상인의) 800억~1000억원 정도의 영업이익 증가할 것""이라는 전망을 하기도 했다.

하지만 무분별한 주식담보대출이 무자본 인수·합병(M&A)에 악용됐다는 지적도 있다. 이태규 바른미래당 의원은 지난 12일 국회 정무위원회 금감원 국정감사에서 ""상상인이 최근 3년간 저축은행 2곳을 인수한 후 1조8925억원을 최고 24% 금리로 주식담보대출했다""며 ""무자본 M&A에 악용됐을 우려가 높다""고 말했다.

상상인 고위 관계자는 ""M&A 계약 이후 3개월 미만의 주식담보대출은 지난해 10월부터 중단한 상태""라며 ""대주주 심사 중단에 대해 금융당국으로부터 별도로 통보받지 못했다. 예정대로 심사가 진행 중인 것으로 안다""고 말했다. 하지만 금감원 관계자는 ""현재로선 오는 17일 증권선물위원회 심사 안건으로 상정하기 어렵다""고 밝혔다.

solidarite4u@news1.kr

▶ 진짜 블록체인을 만나는 곳 '크립토허브' 오픈!
▶ 제보하기
▶ 네이버 메인에서 [뉴스1]을 구독해주세요
[ⓒ 뉴스1코리아(news1.kr), 무단 전재 및 재배포 금지]"
6798,상상인,2018.10.15. 오후 3:15,"[특징주]상상인, 골든브릿지證 인수 심사 중단에 두 종목 급락","[머니투데이 진경진 기자] 금융당국이 상상인의 골든브릿지증권 인수 관련 대주주 적격성 심사를 중단했다는 소식이 알려지면서 두 종목의 주가가 급락하고 있다.

15일 오후 3시10분 현재 골든브릿지증권은 전 거래일 대비 27.81% 떨어진 2155원을 기록하고 있다. 상상인은 6.16% 내린 1만9050원에 거래되고 있다.

앞서 상상인은 지난 2월 골든브릿지증권의 최대주주인 골든브릿지 보유지분 2121만382주를 약 420억원에 취득, 회사 인수 계약을 체결했다. 이후 5월 상상인은 금융당국에 대주주 적격성 심사 서류를 접수해둔 상태였다.

▶더 많은 머니투데이 기사보기
▶실시간 급상승 ▶'AAA 티켓', '배라 아이스크림' 받는 법

진경진 기자 jkjin@mt.co.kr

<저작권자 ⓒ '돈이 보이는 리얼타임 뉴스' 머니투데이, 무단전재 및 재배포 금지>"
6799,상상인,2018.10.18. 오전 8:14,"상상인, 골든브릿지證 인수 불발 '목표가↓'-토러스","[머니투데이 배규민 기자] 토러스투자증권은 18일 상상인에 대해 골든브릿지증권 인수 불발에 따라 주당순이익(EPS)와 목표주가를 기존 4만5000원에서 2만34000원으로 하향 조정한다고 밝혔다.

전상용 토러스투자증권 연구원은 ""올해 하반기에 골든브릿지증권을 인수해 주식연계대출, 주식담보대출사업을 하는 기존 공평·세종저축은행과의 시너지효과를 창출할 계획이었다""며 ""금감원은 대주주 적격성 심사를 중단하기로 통보함에 따라 사실상 골든브릿지증권 인수는 불가능해진 것으로 보인다""고 판단했다.

전 연구원은 2018년과 2019년 예상 EPS를 4147원·5155원에서 3366원·3668원으로 하향했다.

다만 올해도 동사는 연결기준 매출과 영업이익이 각각 +6.8%(4668억원), +42.8%(1740억원)을 기록할 것으로 전망돼 지난해에 이어 올해도 창립최대실적을 보일 것으로 추정했다.

▶더 많은 머니투데이 기사보기
▶실시간 급상승 ▶'AAA 티켓', '배라 아이스크림' 받는 법

배규민 기자 bkm@mt.co.kr

<저작권자 ⓒ '돈이 보이는 리얼타임 뉴스' 머니투데이, 무단전재 및 재배포 금지>"
